{"cameraMode":{"drawMode":0,"name":"Shaded","section":"Shading Mode"},"sceneLighting":true,"audioPlay":false,"sceneViewState":{"showFog":true,"showMaterialUpdate":false,"showSkybox":true,"showFlares":true,"showImageEffects":true,"showParticleSystems":true},"in2DMode":false,"pivot":{"x":-24.30712127685547,"y":-0.9643783569335938,"z":-0.932708740234375},"rotation":{"x":0.24522274732589723,"y":-0.02181556075811386,"z":0.0055192457512021069,"w":0.9692168235778809},"size":120.09779357910156,"orthographic":false}